nature_recat,period,n,mean_call_to_arrive_min,p90_call_to_arrive_min
burglary,all,270,10.970065359477124,19.606666666666662
domestic_problem,all,780,11.853072625698324,19.125
suspicious,all,5788,6.278428553169726,16.2
traffic,all,8831,10.689794244157687,21.423333333333343
violent_crime,all,156,12.154128440366973,21.45333333333334
