year,n,mean_call_to_dispatch_min,mean_dispatch_to_arrive_min,mean_call_to_arrive_min,p90_call_to_arrive_min,mean_on_scene_min,proactive_share
all,69143,3.32659103363513,3.445498075610087,6.0843381353629695,16.833333333333332,23.34090423173407,0.28992088859320536
2022,7270,3.899582802998168,3.6550729713952066,6.814906596614127,17.86833333333334,23.482649527498975,0.26052269601100414
2023,23289,3.639276895943569,3.492693915801613,6.3552184728531165,17.58166666666669,23.79068736744792,0.28567134698784835
2024,21370,3.1978021890356763,3.642322207231035,6.222814319771769,16.716666666666665,23.49471666961496,0.26883481516144125
2025,17214,2.825720944931656,3.055668535019633,5.255412327947332,15.510000000000007,22.49737703340071,0.33426280934123387
