period,n,mean_call_to_arrive_min,p90_call_to_arrive_min,proactive_share
all,69143,6.0843381353629695,16.833333333333332,0.28992088859320536
